row_index,message_id,urgency_level,category,secondary_category,error,raw_output
2,MSG_1YV2STN7E36H,P1,elevator,nan,"HTTPConnectionPool(host='localhost', port=11434): Read timed out. (read timeout=90)",
3,MSG_J88QEOZ0KZ4Z,P3,admin,nan,"HTTPConnectionPool(host='localhost', port=11434): Read timed out. (read timeout=90)",
5,MSG_FFQOT8HLJEFY,P1,electricity,cleanliness,"HTTPConnectionPool(host='localhost', port=11434): Read timed out. (read timeout=90)",
7,MSG_6TA7YPP5ZP7R,P3,garage_access,nan,"HTTPConnectionPool(host='localhost', port=11434): Read timed out. (read timeout=90)",
8,MSG_UTDD2EC2IHOY,P1,watr_leak,nan,"HTTPConnectionPool(host='localhost', port=11434): Read timed out. (read timeout=90)",
9,MSG_SUSMESJT2JPN,P3,reservation,nan,"HTTPConnectionPool(host='localhost', port=11434): Read timed out. (read timeout=90)",
11,MSG_IUU9K9XJUY0B,P0,security,nan,"HTTPConnectionPool(host='localhost', port=11434): Read timed out. (read timeout=90)",
12,MSG_NY9V20YAR821,P1,elevator,watr_leak,"HTTPConnectionPool(host='localhost', port=11434): Read timed out. (read timeout=90)",
13,MSG_K8LW2LM349EL,P2,garage_access,noise,"HTTPConnectionPool(host='localhost', port=11434): Read timed out. (read timeout=90)",
14,MSG_RTP0LZJJEGET,P0,watr_leak,cleanliness,"HTTPConnectionPool(host='localhost', port=11434): Read timed out. (read timeout=90)",
15,MSG_7VCNEAS6Y3VG,P1,watr_leak,nan,"HTTPConnectionPool(host='localhost', port=11434): Read timed out. (read timeout=90)",
16,MSG_CZO2SUG5HCBB,P3,other,nan,"HTTPConnectionPool(host='localhost', port=11434): Read timed out. (read timeout=90)",
18,MSG_4Q5V7C6S5NKB,P2,watr_leak,garage_access,"HTTPConnectionPool(host='localhost', port=11434): Read timed out. (read timeout=90)",
19,MSG_DBVZB0OIH5CS,P0,security,nan,"HTTPConnectionPool(host='localhost', port=11434): Read timed out. (read timeout=90)",
20,MSG_36U8UEIHX74D,P1,elevator,nan,"HTTPConnectionPool(host='localhost', port=11434): Read timed out. (read timeout=90)",
22,MSG_6KOF8KRD5EQY,P0,elevator,garage_access,"HTTPConnectionPool(host='localhost', port=11434): Read timed out. (read timeout=90)",
23,MSG_4P501NOUHTCS,P1,watr_leak,nan,"HTTPConnectionPool(host='localhost', port=11434): Read timed out. (read timeout=90)",
24,MSG_1ESP7BM41QES,P3,admin,nan,"HTTPConnectionPool(host='localhost', port=11434): Read timed out. (read timeout=90)",
26,MSG_6DVTJA0ASSNH,P3,admin,nan,"HTTPConnectionPool(host='localhost', port=11434): Read timed out. (read timeout=90)",
28,MSG_EZDUXLEZ896D,P1,watr_leak,garage_access,"HTTPConnectionPool(host='localhost', port=11434): Read timed out. (read timeout=90)",
29,MSG_46AEXL68J0NM,P3,other,nan,"HTTPConnectionPool(host='localhost', port=11434): Read timed out. (read timeout=90)",
31,MSG_1TAA0I5LDSLC,P2,cleanliness,nan,"HTTPConnectionPool(host='localhost', port=11434): Read timed out. (read timeout=90)",
33,MSG_MGYN2JCPP9GK,P1,garage_access,nan,"HTTPConnectionPool(host='localhost', port=11434): Read timed out. (read timeout=90)",
34,MSG_ZPXVPBL9OT7T,P2,noise,nan,"HTTPConnectionPool(host='localhost', port=11434): Read timed out. (read timeout=90)",
35,MSG_SLH9BH811KER,P1,elevator,nan,"HTTPConnectionPool(host='localhost', port=11434): Read timed out. (read timeout=90)",
37,MSG_0ATVZKHIUIT7,P1,elevator,watr_leak,"HTTPConnectionPool(host='localhost', port=11434): Read timed out. (read timeout=90)",
38,MSG_ELRQVSLWF90K,P0,security,nan,"HTTPConnectionPool(host='localhost', port=11434): Read timed out. (read timeout=90)",
39,MSG_QCQ30O30UBMC,P1,watr_leak,nan,"HTTPConnectionPool(host='localhost', port=11434): Read timed out. (read timeout=90)",
40,MSG_GE2J51B3JCZU,P3,admin,nan,"HTTPConnectionPool(host='localhost', port=11434): Read timed out. (read timeout=90)",
42,MSG_UU7ZY6T5PADN,P3,admin,nan,"HTTPConnectionPool(host='localhost', port=11434): Read timed out. (read timeout=90)",
44,MSG_ZXVML90PXRLZ,P2,cleanliness,nan,"HTTPConnectionPool(host='localhost', port=11434): Read timed out. (read timeout=90)",
46,MSG_0NEC8UYO57P6,P0,watr_leak,nan,"HTTPConnectionPool(host='localhost', port=11434): Read timed out. (read timeout=90)",
49,MSG_SPFHV5BRN7ZS,P1,garage_access,nan,"HTTPConnectionPool(host='localhost', port=11434): Read timed out. (read timeout=90)",
50,MSG_D5050UI22KX7,P3,cleanliness,nan,"HTTPConnectionPool(host='localhost', port=11434): Read timed out. (read timeout=90)",
52,MSG_N02YC0MDICVW,P1,watr_leak,nan,"HTTPConnectionPool(host='localhost', port=11434): Read timed out. (read timeout=90)",
53,MSG_LFYO1750CEHL,P1,electricity,nan,"HTTPConnectionPool(host='localhost', port=11434): Read timed out. (read timeout=90)",
54,MSG_TZ91X70FQLDB,P3,admin,nan,"HTTPConnectionPool(host='localhost', port=11434): Read timed out. (read timeout=90)",
56,MSG_SX43WFSQG8X8,P3,reservation,nan,"HTTPConnectionPool(host='localhost', port=11434): Read timed out. (read timeout=90)",
58,MSG_6H0W064W3U1H,P3,cleanliness,nan,"HTTPConnectionPool(host='localhost', port=11434): Read timed out. (read timeout=90)",
59,MSG_T9MOGE4QXXVA,P0,security,nan,"HTTPConnectionPool(host='localhost', port=11434): Read timed out. (read timeout=90)",
60,MSG_OXIE0RNUJJQ9,P1,electricity,watr_leak,"HTTPConnectionPool(host='localhost', port=11434): Read timed out. (read timeout=90)",
61,MSG_SFFCXHGNZEI3,P3,reservation,nan,"HTTPConnectionPool(host='localhost', port=11434): Read timed out. (read timeout=90)",
63,MSG_RUJOQW5DSK7N,P2,noise,nan,"HTTPConnectionPool(host='localhost', port=11434): Read timed out. (read timeout=90)",
65,MSG_X5WVFGYW6ZBN,P1,other,nan,"HTTPConnectionPool(host='localhost', port=11434): Read timed out. (read timeout=90)",
69,MSG_N7H9G1A07H23,P1,electricity,cleanliness,"HTTPConnectionPool(host='localhost', port=11434): Read timed out. (read timeout=90)",
70,MSG_R5RDNPX2I9TA,P2,cleanliness,nan,"HTTPConnectionPool(host='localhost', port=11434): Read timed out. (read timeout=90)",
72,MSG_6TXKI3OQYFOQ,P1,garage_access,nan,"HTTPConnectionPool(host='localhost', port=11434): Read timed out. (read timeout=90)",
74,MSG_FV177UDKTMON,P2,noise,nan,"HTTPConnectionPool(host='localhost', port=11434): Read timed out. (read timeout=90)",
75,MSG_3MUURMYBD2QE,P2,watr_leak,garage_access,"HTTPConnectionPool(host='localhost', port=11434): Read timed out. (read timeout=90)",
76,MSG_ZNQDXAMW2TND,P3,admin,nan,"HTTPConnectionPool(host='localhost', port=11434): Read timed out. (read timeout=90)",
77,MSG_8VT43PT5R5RC,P2,cleanliness,nan,"HTTPConnectionPool(host='localhost', port=11434): Read timed out. (read timeout=90)",
79,MSG_NAM148P0TVHH,P0,watr_leak,garage_access,"HTTPConnectionPool(host='localhost', port=11434): Read timed out. (read timeout=90)",
81,MSG_MYR06NKWFG3M,P3,admin,nan,"HTTPConnectionPool(host='localhost', port=11434): Read timed out. (read timeout=90)",
83,MSG_BW01PDDHCVSQ,P2,garage_access,nan,"HTTPConnectionPool(host='localhost', port=11434): Read timed out. (read timeout=90)",
85,MSG_N4PTGQ9CVAH7,P2,garage_access,nan,"HTTPConnectionPool(host='localhost', port=11434): Read timed out. (read timeout=90)",
87,MSG_QJLUUJMIYQFY,P1,electricity,garage_access,"HTTPConnectionPool(host='localhost', port=11434): Read timed out. (read timeout=90)",
88,MSG_5GJLQM5K8P4Q,P0,security,nan,"HTTPConnectionPool(host='localhost', port=11434): Read timed out. (read timeout=90)",
90,MSG_5JZ6KF1622VX,P3,other,nan,"HTTPConnectionPool(host='localhost', port=11434): Read timed out. (read timeout=90)",
92,MSG_ATQYYV37DIA5,P1,watr_leak,nan,"HTTPConnectionPool(host='localhost', port=11434): Read timed out. (read timeout=90)",
93,MSG_438TGBCVARLW,P3,other,nan,"HTTPConnectionPool(host='localhost', port=11434): Read timed out. (read timeout=90)",
94,MSG_5270SQG4EIJ0,P3,admin,nan,"HTTPConnectionPool(host='localhost', port=11434): Read timed out. (read timeout=90)",
95,MSG_KBP2QD6VASIF,P1,electricity,watr_leak,"HTTPConnectionPool(host='localhost', port=11434): Read timed out. (read timeout=90)",
97,MSG_BI4O6Q0USWOV,P2,cleanliness,noise,"HTTPConnectionPool(host='localhost', port=11434): Read timed out. (read timeout=90)",
99,MSG_TRFLQBMAE38S,P2,garage_access,nan,"HTTPConnectionPool(host='localhost', port=11434): Read timed out. (read timeout=90)",
101,MSG_3E4XYF9IGFU77,P0,security,nan,"HTTPConnectionPool(host='localhost', port=11434): Read timed out. (read timeout=90)",
